{"cameraMode":{"drawMode":0,"name":"Shaded","section":"Shading Mode"},"sceneLighting":false,"audioPlay":false,"sceneViewState":{"m_AlwaysRefresh":true,"showFog":true,"showSkybox":false,"showFlares":true,"showImageEffects":true,"showParticleSystems":true,"showVisualEffectGraphs":true,"m_FxEnabled":true},"in2DMode":false,"pivot":{"x":-0.975609540939331,"y":-0.18820343911647798,"z":0.5889707207679749},"rotation":{"x":0.21980789303779603,"y":-0.4502202570438385,"z":0.11526449024677277,"w":0.8577747344970703},"size":1.148428201675415,"orthographic":false}