{"cameraMode":{"drawMode":0,"name":"Shaded","section":"Shading Mode"},"sceneLighting":false,"audioPlay":false,"sceneViewState":{"m_AlwaysRefresh":true,"showFog":true,"showSkybox":false,"showFlares":true,"showImageEffects":true,"showParticleSystems":true,"showVisualEffectGraphs":true,"m_FxEnabled":true},"in2DMode":false,"pivot":{"x":-11.806660652160645,"y":7.441274642944336,"z":-0.5744510293006897},"rotation":{"x":-0.5899077653884888,"y":0.19300444424152375,"z":-0.14818771183490754,"w":-0.7701550722122192},"size":0.008663137443363667,"orthographic":false}