{"cameraMode":{"drawMode":0,"name":"Shaded","section":"Shading Mode"},"sceneLighting":true,"audioPlay":false,"sceneViewState":{"m_AlwaysRefresh":true,"showFog":true,"showSkybox":true,"showFlares":true,"showImageEffects":true,"showParticleSystems":true,"showVisualEffectGraphs":true,"m_FxEnabled":true},"in2DMode":false,"pivot":{"x":-16.518482208251954,"y":4.779780387878418,"z":8.586183547973633},"rotation":{"x":-0.22460491955280305,"y":0.06921231746673584,"z":-0.016336875036358835,"w":-0.9720330238342285},"size":0.5744562149047852,"orthographic":false}